method,log_obs,RMSE
Handwritten,-273.5875131181308,1.3322968
FitHand,51.249616399833144,0.77081597
