method,log_obs,total,location,velocity,angle,ω,fw_total,fw_location,fw_velocity,fw_angle,fw_ω
Handwritten,13.2 ± 1.7,0.942 ± 0.0042,0.2911 ± 0.0034,0.8359 ± 0.0032,0.0774 ± 0.0009,0.30028 ± 0.001,1.194 ± 0.026,0.5186 ± 0.0042,1.003 ± 0.027,0.1673 ± 0.0011,0.3479 ± 0.0081
FitHand,-211.0 ± 36.0,0.705 ± 0.036,0.2702 ± 0.0049,0.584 ± 0.041,0.0755 ± 0.002,0.2402 ± 0.0059,0.825 ± 0.032,0.3366 ± 0.0099,0.685 ± 0.035,0.13399 ± 0.00052,0.282 ± 0.004
FitTV,12.4 ± 3.7,0.6662 ± 0.0092,0.263 ± 0.011,0.4816 ± 0.0077,0.10779 ± 0.00072,0.3509 ± 0.0026,1.069 ± 0.023,0.432 ± 0.012,0.806 ± 0.024,0.2844 ± 0.0026,0.4737 ± 0.0038
FitTruth,-499.0 ± 81.0,0.558 ± 0.023,0.29 ± 0.025,0.3682 ± 0.0079,0.0897 ± 0.0036,0.249 ± 0.018,0.669 ± 0.026,0.2641 ± 0.0062,0.501 ± 0.015,0.166 ± 0.013,0.315 ± 0.025
EM,-488.0 ± 65.0,0.57 ± 0.013,0.331 ± 0.01,0.3806 ± 0.0061,0.088 ± 0.0012,0.1956 ± 0.004,0.6117 ± 0.0098,0.2784 ± 0.0049,0.4731 ± 0.007,0.125 ± 0.0012,0.2393 ± 0.0051
SVI,-6600.0 ± 1200.0,3.13 ± 0.41,2.51 ± 0.36,1.47 ± 0.14,0.461 ± 0.05,0.617 ± 0.079,2.203 ± 0.072,0.933 ± 0.018,1.71 ± 0.037,0.556 ± 0.054,0.86 ± 0.094
