name,log_obs,RMSE,open_loop
VI,19.49 ± 0.35,0.5256 ± 0.0051,0.75878 ± 0.00076
