method,log_obs,total,location,velocity,angle,ω,fw_total,fw_location,fw_velocity,fw_angle,fw_ω
Handwritten,11.829 ± 0.054,1.0503 ± 0.0012,0.5613 ± 0.0047,0.8333 ± 0.0032,0.10434 ± 0.00091,0.25305 ± 0.0001,1.1077 ± 0.002,0.4745 ± 0.0032,0.9444 ± 0.0038,0.1538 ± 0.0014,0.2937 ± 0.0026
FitHand,27.23 ± 0.27,0.9427 ± 0.0099,0.46 ± 0.013,0.775 ± 0.0042,0.0879 ± 0.0014,0.23254 ± 0.00024,0.9605 ± 0.0066,0.3835 ± 0.0067,0.8372 ± 0.005,0.1083 ± 0.0016,0.25093 ± 0.00081
FitTV,18.31 ± 0.49,0.879 ± 0.035,0.514 ± 0.011,0.631 ± 0.046,0.10875 ± 0.00076,0.2983 ± 0.0039,1.062 ± 0.062,0.499 ± 0.036,0.838 ± 0.059,0.2158 ± 0.0029,0.3617 ± 0.0023
FitTruth,33.22 ± 0.54,0.4129 ± 0.0092,0.248 ± 0.009,0.2709 ± 0.0081,0.0651 ± 0.0019,0.169 ± 0.01,0.428 ± 0.018,0.1805 ± 0.0053,0.322 ± 0.012,0.0926 ± 0.0067,0.196 ± 0.013
EM,33.32 ± 0.1,0.4544 ± 0.0081,0.2628 ± 0.0084,0.3276 ± 0.0026,0.06281 ± 0.00062,0.1559 ± 0.0036,0.4545 ± 0.0047,0.199 ± 0.0029,0.3615 ± 0.0024,0.0806 ± 0.0014,0.1726 ± 0.0033
EM_NS,33.19 ± 0.16,0.4818 ± 0.0028,0.2701 ± 0.0041,0.3526 ± 0.0014,0.0655 ± 0.0011,0.1696 ± 0.0037,0.4921 ± 0.0013,0.21345 ± 0.00049,0.39204 ± 0.00065,0.0869 ± 0.002,0.188 ± 0.0037
