method,log_obs,RMSE
Handwritten,-91.01874689374652,1.3825581
FitHand,28.79570179496493,0.8422025
