method,log_obs,RMSE
EM,-403.4808960258961 ± 0.0,1.4688915 ± 0.0
